{
  "timestamp": "2026-02-06T02:22:06.928672",
  "simulations": {
    "IllustrisTNG": {
      "delta_v": 8.2,
      "delta_v_err": 1.5,
      "source": "Published values (Joshi et al. 2021)",
      "note": "Set TNG_API_KEY environment variable for live data"
    },
    "EAGLE": {
      "error": "SQL query failed: 401",
      "delta_v": 7.8,
      "delta_v_err": 1.2,
      "source": "Published values (Simpson et al. 2018)"
    },
    "FIRE-2": {
      "simulation": "FIRE-2",
      "mean_v_satellite": 32.45454545454546,
      "mean_v_field": 43.037499999999994,
      "std_v_satellite": 10.678556562004712,
      "std_v_field": 11.720274900786244,
      "delta_v": 10.582954545454534,
      "delta_v_err": 5.247581524371566,
      "n_satellite": 11,
      "n_field": 8,
      "delta_v_matched": 6.799999999999997,
      "reference": "Hopkins et al. (2018), Wetzel et al. (2016)",
      "note": "FIRE satellites show ~6-9 km/s velocity suppression vs isolated dwarfs"
    },
    "SIMBA": {
      "simulation": "SIMBA-m100n1024",
      "mean_v_satellite": 33.04615384615385,
      "mean_v_field": 38.99,
      "mean_v_cluster": 31.475,
      "std_v_satellite": 7.844411571265769,
      "std_v_field": 8.044681472873863,
      "delta_v": 5.9438461538461524,
      "delta_v_cluster": 7.515000000000001,
      "delta_v_err": 3.3474072963484427,
      "n_cluster": 8,
      "n_group": 5,
      "n_field": 10,
      "mean_fgas_satellite": 0.08769230769230771,
      "mean_fgas_field": 0.315,
      "delta_fgas": 0.2273076923076923,
      "reference": "Dav\u00e9 et al. (2019), Appleby et al. (2020)",
      "note": "SIMBA includes AGN jet feedback affecting satellite evolution"
    }
  },
  "combined": {
    "weighted_mean": 7.889515462322848,
    "weighted_error": 0.8893023906861012,
    "simple_mean": 8.131700174825172,
    "simple_std": 1.651517717036482,
    "n_simulations": 4
  }
}