{
  "P_matter": {
    "0": {
      "k": [
        0.01,
        0.011513953993264475,
        0.013257113655901088,
        0.015264179671752334,
        0.017575106248547922,
        0.020235896477251575,
        0.023299518105153717,
        0.02682695795279726,
        0.030888435964774818,
        0.03556480306223129,
        0.040949150623804255,
        0.04714866363457394,
        0.054286754393238594,
        0.06250551925273973,
        0.07196856730011521,
        0.08286427728546843,
        0.09540954763499938,
        0.10985411419875583,
        0.12648552168552957,
        0.14563484775012436,
        0.16768329368110083,
        0.19306977288832497,
        0.22229964825261944,
        0.2559547922699536,
        0.29470517025518095,
        0.3393221771895328,
        0.3906939937054617,
        0.44984326689694465,
        0.517947467923121,
        0.5963623316594643,
        0.6866488450043002,
        0.7906043210907697,
        0.9102981779915218,
        1.0481131341546852,
        1.2067926406393288,
        1.3894954943731375,
        1.5998587196060574,
        1.8420699693267164,
        2.1209508879201904,
        2.44205309454865,
        2.8117686979742307,
        3.2374575428176433,
        3.727593720314938,
        4.291934260128778,
        4.941713361323833,
        5.689866029018293,
        6.551285568595509,
        7.543120063354615,
        8.68511373751352,
        10.0
      ],
      "P_CGC_over_P_GR": [
        1.0116240443723805,
        1.0130117841715005,
        1.0145651996759402,
        1.0163040701262678,
        1.0182505361132372,
        1.0204293814882424,
        1.0228683489297294,
        1.0255984931835962,
        1.0286545764752932,
        1.0320755111283106,
        1.0359048550247978,
        1.0401913662168862,
        1.0449896237504432,
        1.050360722606042,
        1.0563730516056542,
        1.063103164189953,
        1.0706367531536076,
        1.0790697417496236,
        1.0885095050554836,
        1.0990762371524248,
        1.110904481525799,
        1.1241448441727104,
        1.138965911229488,
        1.1555563955356516,
        1.1741275394660193,
        1.1949158046256037,
        1.2181858826544814,
        1.2442340654784532,
        1.2733920179180218,
        1.3060310006913514,
        1.3425665975816192,
        1.3834640069585715,
        1.4292439650298625,
        1.480489376241415,
        1.537852735249994,
        1.6020644349700515,
        1.6739420664790812,
        1.7544008291947821,
        1.8444651838741388,
        1.9452818968090755,
        2.0581346413070625,
        2.18446034237358,
        2.325867472709094,
        2.484156532978755,
        2.661342977124842,
        2.859682874624075,
        3.081701636440712,
        3.330226170435604,
        3.608420875657811,
        3.9198279338248017
      ]
    },
    "0.5": {
      "k": [
        0.01,
        0.011513953993264475,
        0.013257113655901088,
        0.015264179671752334,
        0.017575106248547922,
        0.020235896477251575,
        0.023299518105153717,
        0.02682695795279726,
        0.030888435964774818,
        0.03556480306223129,
        0.040949150623804255,
        0.04714866363457394,
        0.054286754393238594,
        0.06250551925273973,
        0.07196856730011521,
        0.08286427728546843,
        0.09540954763499938,
        0.10985411419875583,
        0.12648552168552957,
        0.14563484775012436,
        0.16768329368110083,
        0.19306977288832497,
        0.22229964825261944,
        0.2559547922699536,
        0.29470517025518095,
        0.3393221771895328,
        0.3906939937054617,
        0.44984326689694465,
        0.517947467923121,
        0.5963623316594643,
        0.6866488450043002,
        0.7906043210907697,
        0.9102981779915218,
        1.0481131341546852,
        1.2067926406393288,
        1.3894954943731375,
        1.5998587196060574,
        1.8420699693267164,
        2.1209508879201904,
        2.44205309454865,
        2.8117686979742307,
        3.2374575428176433,
        3.727593720314938,
        4.291934260128778,
        4.941713361323833,
        5.689866029018293,
        6.551285568595509,
        7.543120063354615,
        8.68511373751352,
        10.0
      ],
      "P_CGC_over_P_GR": [
        1.0158309143444735,
        1.0177208924956656,
        1.019836506218768,
        1.0222046930798472,
        1.024855606593853,
        1.0278230001615785,
        1.0311446568430416,
        1.0348628704394829,
        1.0390249840094712,
        1.0436839926759074,
        1.0488992183993107,
        1.0547370653091022,
        1.0612718652103272,
        1.068586824031434,
        1.0767750812639862,
        1.0859408958838834,
        1.0962009738541176,
        1.1076859541118207,
        1.1205420719602912,
        1.134933021045546,
        1.1510420376254649,
        1.16907423366999,
        1.1892592084991502,
        1.2118539722122226,
        1.2371462181313024,
        1.2654579859264716,
        1.2971497620641892,
        1.332625069788865,
        1.372335607080673,
        1.4167869980098962,
        1.4665452307183278,
        1.5222438640008855,
        1.584592094246997,
        1.6543837854560417,
        1.7325075773037257,
        1.819958199962791,
        1.9178491397467772,
        2.027426816845211,
        2.1500864556716923,
        2.2873898498979397,
        2.4410852483714156,
        2.613129615118792,
        2.8057135468661967,
        3.021289165344589,
        3.2626013395258457,
        3.532722635334268,
        3.835092437839199,
        4.173560744061572,
        4.552437183996986,
        4.9765458940273595
      ]
    },
    "1.0": {
      "k": [
        0.01,
        0.011513953993264475,
        0.013257113655901088,
        0.015264179671752334,
        0.017575106248547922,
        0.020235896477251575,
        0.023299518105153717,
        0.02682695795279726,
        0.030888435964774818,
        0.03556480306223129,
        0.040949150623804255,
        0.04714866363457394,
        0.054286754393238594,
        0.06250551925273973,
        0.07196856730011521,
        0.08286427728546843,
        0.09540954763499938,
        0.10985411419875583,
        0.12648552168552957,
        0.14563484775012436,
        0.16768329368110083,
        0.19306977288832497,
        0.22229964825261944,
        0.2559547922699536,
        0.29470517025518095,
        0.3393221771895328,
        0.3906939937054617,
        0.44984326689694465,
        0.517947467923121,
        0.5963623316594643,
        0.6866488450043002,
        0.7906043210907697,
        0.9102981779915218,
        1.0481131341546852,
        1.2067926406393288,
        1.3894954943731375,
        1.5998587196060574,
        1.8420699693267164,
        2.1209508879201904,
        2.44205309454865,
        2.8117686979742307,
        3.2374575428176433,
        3.727593720314938,
        4.291934260128778,
        4.941713361323833,
        5.689866029018293,
        6.551285568595509,
        7.543120063354615,
        8.68511373751352,
        10.0
      ],