{
  "DESI_Year5": {
    "2.2": {
      "k_bins": [
        0.001,
        0.002,
        0.005,
        0.01,
        0.02,
        0.05
      ],
      "cgc_signal_percent": [
        15.000000000000002,
        15.000000000000002,
        15.000000000000002,
        12.62256869167871,
        8.925503917879022,
        5.6449843290508355
      ],
      "error_percent": [
        3.2,
        2.4,
        2.0,
        1.6,
        1.6,
        2.0
      ],
      "sigma_per_bin": [
        4.687500000000001,
        6.250000000000001,
        7.500000000000001,
        7.889105432299194,
        5.578439948674388,
        2.8224921645254177
      ],
      "combined_sigma": 14.785418325218478
    },
    "2.4": {
      "k_bins": [
        0.001,
        0.002,
        0.005,
        0.01,
        0.02,
        0.05
      ],
      "cgc_signal_percent": [
        15.000000000000002,
        15.000000000000002,
        15.000000000000002,
        11.903348071262773,
        8.416938140013718,
        5.323339089436914
      ],
      "error_percent": [
        2.8000000000000003,
        2.0,
        1.6,
        1.2,
        1.2,
        1.6
      ],
      "sigma_per_bin": [
        5.357142857142857,
        7.500000000000001,
        9.375000000000002,
        9.91945672605231,
        7.014115116678098,
        3.327086930898071
      ],
      "combined_sigma": 18.207211336380595
    },
    "2.6": {
      "k_bins": [
        0.001,
        0.002,
        0.005,
        0.01,
        0.02,
        0.05
      ],
      "cgc_signal_percent": [
        15.000000000000002,
        15.000000000000002,
        15.000000000000002,
        11.027313787135085,
        7.797488357155125,
        4.931564647450938
      ],
      "error_percent": [
        2.4,
        2.0,
        1.6,
        1.2,
        1.2,
        1.6
      ],
      "sigma_per_bin": [
        6.250000000000001,
        7.500000000000001,
        9.375000000000002,
        9.189428155945903,
        6.497906964295937,
        3.082227904656836
      ],
      "combined_sigma": 17.87097195471422
    },
    "2.8": {
      "k_bins": [
        0.001,
        0.002,
        0.005,
        0.01,
        0.02,
        0.05
      ],
      "cgc_signal_percent": [
        15.000000000000002,
        15.000000000000002,
        14.192684200297881,
        10.035743241269804,
        7.096342100148941,
        4.488120818442671
      ],
      "error_percent": [
        2.8000000000000003,
        2.0,
        1.6,
        1.2,
        1.2,
        1.6
      ],
      "sigma_per_bin": [
        5.357142857142857,
        7.500000000000001,
        8.870427625186176,
        8.363119367724837,
        5.913618416790784,
        2.8050755115266695
      ],
      "combined_sigma": 16.625719918520545
    },
    "3.0": {
      "k_bins": [
        0.001,
        0.002,
        0.005,
        0.01,
        0.02,
        0.05
      ],
      "cgc_signal_percent": [
        15.000000000000002,
        15.000000000000002,
        12.688887807792371,
        8.972398614605291,
        6.3444439038961855,
        4.0125786446964735
      ],
      "error_percent": [
        3.2,
        2.4,
        2.0,
        1.6,
        1.6,
        2.0
      ],
      "sigma_per_bin": [
        4.687500000000001,
        6.250000000000001,
        6.3444439038961855,
        5.607749134128307,
        3.965277439935116,
        2.0062893223482368
      ],
      "combined_sigma": 12.348384391151304
    },
    "3.2": {
      "k_bins": [
        0.001,
        0.002,
        0.005,
        0.01,
        0.02,
        0.05
      ],
      "cgc_signal_percent": [
        15.000000000000002,
        15.000000000000002,
        11.144530694709484,
        7.8803732273707014,
        5.572265347354742,
        3.524210044894059
      ],
      "error_percent": [
        4.0,
        3.2,
        2.4,
        2.0,
        2.0,
        2.4
      ],
      "sigma_per_bin": [
        3.7500000000000004,
        4.687500000000001,
        4.6435544561289515,
        3.9401866136853507,
        2.786132673677371,
        1.4684208520391913
      ],
      "combined_sigma": 9.112717479530263
    },
    "3.4": {
      "k_bins": [
        0.001,
        0.002,
        0.005,
        0.01,
        0.02,
        0.05
      ],
      "cgc_signal_percent": [
        15.000000000000002,
        15.000000000000002,
        9.615662710861242,
        6.7993003084526045,
        4.807831355430621,
        3.0407395378270627
      ],
      "error_percent": [
        4.8,
        4.0,
        3.2,
        2.4,
        2.4,
        3.2
      ],
      "sigma_per_bin": [
        3.1250000000000004,
        3.7500000000000004,
        3.004894597144138,
        2.8330417951885853,
        2.0032630647627587,
        0.950231105570957
      ],
      "combined_sigma": 6.767543454893266
    },
    "3.6": {
      "k_bins": [
        0.001,
        0.002,
        0.005,
        0.01,
        0.02,
        0.05
      ],
      "cgc_signal_percent": [
        15.000000000000002,
        12.88682322571774,
        8.150342639445244,
        5.763162549345596,
        4.075171319722622,
        2.577364645143548
      ],
      "error_percent": [
        6.0,
        4.8,
        4.0,
        3.2,
        3.2,
        4.0
      ],
      "sigma_per_bin": [
        2.5000000000000004,
        2.6847548386911955,
        2.037585659861311,
        1.8009882966704989,
        1.2734910374133193,
        0.644341161285887
      ],
      "combined_sigma": 4.784368052772659
    },
    "total_sigma": 38.080327993942376
  },
  "Euclid": {
    "2.0": {
      "k_bins": [
        0.001,
        0.002,
        0.005,
        0.01,
        0.02,
        0.05
      ],
      "cgc_signal_percent": [
        15.000000000000002,
        15.000000000000002,
        15.000000000000002,
        13.149388644463123,
        9.298021878957258,
        5.880585374316672
      ],
      "error_percent": [
        4.0,
        3.0,
        2.5,
        2.0,
        2.0,
        2.5
      ],
      "sigma_per_bin": [
        3.7500000000000004,
        5.000000000000001,
        6.000000000000001,
        6.5746943222315615,
        4.649010939478629,
        2.3522341497266686
      ],
      "combined_sigma": 12.059660593951898
    },
    "2.5": {
      "k_bins": [
        0.001,
        0.002,
        0.005,
        0.01,
        0.02,
        0.05
      ],
      "cgc_signal_percent": [
        15.000000000000002,
        15.000000000000002,
        15.000000000000002,
        11.482449176894688,
        8.119317677612123,
        5.135107381544605
      ],
      "error_percent": [
        3.5000000000000004,
        2.8000000000000003,
        2.1999999999999997,
        1.7999999999999998,
        1.7999999999999998,
        2.1999999999999997
      ],
      "sigma_per_bin": [
        4.285714285714286,
        5.357142857142858,
        6.818181818181819,
        6.37913843160816,
        4.510732043117847,
        2.334139718883912
      ],
      "combined_sigma": 12.650780559242152
    },
    "3.0": {
      "k_bins": [
        0.001,
        0.002,
        0.005,
        0.01,
        0.02,
        0.05
      ],
      "cgc_signal_percent": [
        15.000000000000002,
        15.000000000000002,
        12.688887807792371,
        8.972398614605291,
        6.3444439038961855,
        4.0125786446964735
      ],
      "error_percent": [
        4.0,
        3.2,
        2.5,
        2.0,
        2.0,
        2.5
      ],
      "sigma_per_bin": [
        3.7500000000000004,
        4.687500000000001,
        5.075555123116948,
        4.486199307302646,
        3.1722219519480928,
        1.6050314578785891
      ],
      "combined_sigma": 9.72427469664667
    },
    "3.5": {
      "k_bins": [
        0.001,
        0.002,
        0.005,
        0.01,
        0.02,
        0.05
      ],