{
  "galaxies_analyzed": 175,
  "voids_used": 500,
  "environment_counts": {
    "void": 142,
    "underdense": 33
  },
  "tully_fisher": {
    "slope": 0.24345684912139193,
    "intercept": 1.3920138539660618
  },
  "residuals_by_environment": {
    "void": {
      "n": 142,
      "pct_offset": 1.2146762816584111,
      "significance": 1.4016248401121212
    },
    "underdense": {
      "n": 33,
      "pct_offset": -5.06265070726728,
      "significance": -2.8782636950632714
    }
  },
  "sdcg_parameters": {
    "mu_bare": 0.48,
    "beta_0": 0.7,
    "k_0": 0.05
  },
  "lyman_alpha": {
    "mu_eff": 5.76e-05,
    "enhancement_pct": 3.3177599999999997e-07,
    "passes_constraint": true
  }
}